
INSERT into types VALUES ("Dairy");
INSERT into types VALUES ("Produce");
INSERT into types VALUES ("Meat");
INSERT into types VALUES ("Baked Goods");
INSERT into types VALUES ("Dry & Packaged Goods");
INSERT into types VALUES ("Beverages");
INSERT into types VALUES ("Health & Beauty");
INSERT into types VALUES ("Household Essentials");
INSERT into types VALUES ("Pet Supplies");
INSERT into types VALUES ("Alcohol");
INSERT into types VALUES ("Frozen Foods");
INSERT into types VALUES ("School/Office Supplies");
INSERT into types VALUES ("Clothing");
INSERT into types VALUES ("Sports Equipment");
INSERT into types VALUES ("Home Goods");

INSERT INTO reorder_requests (order_date, product, Product_qty, store, cost, viewed, vendor) VALUES
('2025-04-01 08:15:00', '100000000019', 10, 1, 250.75, FALSE, "Dole"),
('2025-04-02 14:30:00', '100000000031', 5, 1, 120.50, FALSE, "Nestle" ),
('2025-04-03 09:45:00', '100000000041', 20, 2, 500.00, FALSE, "McCormick"),
('2025-04-04 11:00:00', '100001000064', 15, 3, 375.25, FALSE, "Jameson"),
('2025-04-05 16:00:00', '100001000078', 8, 2, 180.60, FALSE, "Jägermeister"),
('2025-04-06 10:20:00', '100000000048', 12, 1, 300.40, FALSE, "Quaker Oats"),
('2025-04-07 13:10:00', '100000000038', 18, 4, 425.80, FALSE, "Nestle");

INSERT INTO customers (first_name, last_name, city, state, zip_code, address, phone_number, email) VALUES
('John', 'Doe', 'Springfield', 'IL', '62704', '123 Elm Street', '217-555-1234', 'jdoe@iwu.edu'),
('Jane', 'Smith', 'Chicago', 'IL', '60614', '456 Oak Avenue', '312-555-5678', 'janesmith@yahoo.com'),
('Robert', 'Brown', 'Peoria', 'IL', '61602', '789 Maple Lane', '309-555-9876', 'robbrown@gmail.com'),
('Emily', 'Johnson', 'Rockford', 'IL', '61101', '234 Birch Drive', '815-555-6543', 'emjohnson@outlook.com'),
('Michael', 'Taylor', 'Normal', 'IL', '61761', '567 Pine Road', '309-555-4321', 'michaeltaylor@gmail.com'),
('Sophia', 'Williams', 'Decatur', 'IL', '62522', '891 Cedar Blvd', '217-555-7890', 'sophiawilliams@jesus.com'),
('Jacob', 'Martinez', 'Bloomington', 'IL', '61701', '112 Walnut Circle', '309-555-5670', 'jacob.martinez@egmail.com'),
('Olivia', 'Davis', 'Champaign', 'IL', '61820', '334 Willow Path', '217-555-3456', 'olivia.davis@gmail.com'),
('William', 'Garcia', 'Naperville', 'IL', '60540', '778 Chestnut Terrace', '630-555-1230', 'william.garcia@gmail.com'),
('Emma', 'Lopez', 'Aurora', 'IL', '60504', '990 Fir Court', '630-555-6789', 'emma.lopez@yahoo.com'),
('Jake', 'Kougan', 'Frankfort', 'IL', '60423', '8616 Huckins Drive', '312-718-1065', 'jakekougan6@gmail.com'),
('Jalynn', 'Ford', 'LeRoy', 'IL', '61752', '111 Kite Court', '618-830-7929', 'jfo@gmail.com'),
('Bruce', 'Wayne', 'Gotham City', 'NJ', '08001', '1007 Mountain Drive', '215-919-1939', 'bwayne6@gwaynetech.com'),
('Peter', 'Parker', 'Queens', 'NY', '07831', '20 Ingram Street', '718-815-1963', 'pparker@esu.edu'),
('Issac', 'Clarke', 'Denver', 'CO', '80203', '3616 Winnetka Rd', '954-244-2008', 'issacclarke@ishimaura.com'),
('Daffy', 'Duck', 'Los Angeles', 'CA', '90001', '1673 Bibo Drive', '123-456-7890', 'dduck@gmail.com'),
('Alex', 'Mason', 'Fairbanks', 'AL', '99703', '2010 Kino Street', '867-992-1011', 'alexmas@cia.gov'),
('Tony', 'Stank', 'Malibu', 'CA', '90263', '1637 Walker Drive', "111-222-3333", 'stanky@gmail.com'),
('Benny', 'Ballgame', 'Orlando', 'FL', '32789', '1214 Noway Road', '899-234-5765', 'bennyandthejets@gmail.com'),
('Johnny', 'Test', 'Seattle', 'WA', '98039', '212 Main Street', '102-602-4545', 'crimelordfr@gmail.com'),
('Randy', 'Orton', 'St Louis', 'MO', '63101', '123 Winner Road', '619-355-0000', 'ottanowhere@gmail.com'),
('Kendra', 'Daniels', 'Boston', 'MA', '02108', '1221 Kellion Drive', '444-555-9999', 'kdaniels@ishimaura.com'),
('Kayla', 'Halawa', 'Minneapolis', 'MN', '55401', '2 Night Street', '617-716-0000', 'dartyparty6@gmail.com'),
('Jake', 'Miller', 'Peoria', 'IL', '61604', '1025 Oakwood Dr', '3095554321', 'jake.miller@example.com'),
("Liam", "Smith", "Chicago", "Illinois", "60616", "1310 S State St", "312-555-0101", "lsmith@gmail.com"),
("Noah", "Johnson", "Brooklyn", "New York", "11201", "45 Court St", "718-819-0122", "njohnson2@gmail.com"),
("Oliver", "Brown", "Los Angeles", "California", "90017", "850 S Grand Ave", "213-855-0189", "obrown@gmail.com"),
("Henry", "Jones", "Phoenix", "Arizona", "85004", "101 N 1st Ave", "602-910-3819", "hjones@gmail.com"),
("Lukas", "Garcia", "Miami", "Florida", "33130", "234 SW 8th St", "305-824-2941", "lgarcia@gmail.com"),
("Benjamin", "Ramirez", "San Diego", "California", "92101", "600 W Broadway", "619-293-9422", "bramirez@gmail.com"),
("Owen", "Miller", "Boston", "Massachusetts", "02108", "1 Beacon St", "617-249-0123", "omiller@gmail.com"),
("Jackson", "Rodriguez", "Seattle", "Washington", "98101", "1420 5th Ave", "206-111-4012", "jramirez@gmail.com"),
("Gabriel", "Martinez", "Minneapolis", "Minnesota", "55402", "90 S 7th St", "612-999-1000", "gmartinez@gmail.com"),
("Isabella", "Hernandez", "Denver", "Colorado", "80202", "999 18th St", "720-300-9100", "ihernndez@gmail.com"),
("Elizabeth", "Thomas", "Little Rock", "Arkansas", "72201", "400 W Capitol Ave", "501-091-9481", "miataylor@gmail.com"),
("Mia", "Taylor", "Houston", "Texas", "77002", "1001 McKinney St", "713-218-9021", "mtaylor@gmail.com"),
("Ava", "Moore", "Washington", "DC", "20002", "400 Massachusetts Ave NE", "202-498-9351", "avamoore@gmail.com"),
("Evelyn", "Lee", "Philadelphia", "Pennsylvania", "19107", "1234 Market St", "215-349-9521", "elee@gmail.com"),
("Cench", "Cee", "Atlanta", "Georgia", "30303", "200 Peachtree St NW", "404-525-9481", "cenchcee@gmail.com");


INSERT INTO store (city, state, zip_code, address, phone_number) VALUES
('New York City', 'NY', '10001', '1234 Elm Street', '212-555-1234'),
('Los Angeles', 'CA', '90001', '5678 Sunset Boulevard', '323-555-5678'),
('Chicago', 'IL', '60601', '9101 Michigan Avenue', '312-555-9101'),
('Houston', 'TX', '77002', '1122 Main Street', '713-555-1122'),
('Phoenix', 'AZ', '85001', '3344 Camelback Road', '602-555-3344'),
('Philadelphia', 'PA', '19102', '5566 Market Street', '215-555-5566'),
('San Antonio', 'TX', '78209', '7788 Broadway Street', '210-555-7788'),
('San Diego', 'CA', '92101', '9900 Pacific Highway', '619-555-9900'),
('Dallas', 'TX', '75201', '2233 Elm Street', '214-555-2233'),
('San Jose', 'CA', '95110', '4455 Santa Clara Street', '408-555-4455'),
('Austin', 'TX', '78701', '6677 Lamar Boulevard', '512-555-6677'),
('Jacksonville', 'FL', '32246', '8899 Beach Boulevard', '904-555-8899'),
('Fort Worth', 'TX', '76102', '1001 Main Street', '817-555-1001'),
('Columbus', 'OH', '43210', '1122 High Street', '614-555-1122'),
('Charlotte', 'NC', '28205', '3344 Tryon Street', '704-555-3344'),
('San Francisco', 'CA', '94102', '5566 Market Street', '415-555-5566'),
('Indianapolis', 'IN', '46204', '7788 Meridian Street', '317-555-7788'),
('Seattle', 'WA', '98104', '9900 1st Avenue', '206-555-9900'),
('Denver', 'CO', '80206', '2233 Colfax Avenue', '303-555-2233'),
('Washington', 'DC', '20001', '4455 Constitution Avenue', '202-555-4455'),
('Nashville', 'TN', '37203', '6677 Broadway', '615-555-6677'),
('Oklahoma City', 'OK', '73102', '8899 Broadway Avenue', '405-555-8899'),
('Boston', 'MA', '02215', '1001 Beacon Street', '617-555-1001'),
('El Paso', 'TX', '79901', '2345 Montana Avenue', '915-555-2345'),
('Portland', 'OR', '97209', '4567 Burnside Street', '503-555-4567'),
('Las Vegas', 'NV', '89101', '6789 Fremont Street', '702-555-6789'),
('Detroit', 'MI', '48226', '1357 Woodward Avenue', '313-555-1357'),
('Memphis', 'TN', '38103', '2468 Beale Street', '901-555-2468'),
('Louisville', 'KY', '40205', '3690 Bardstown Road', '502-555-3690'),
('Baltimore', 'MD', '21201', '1478 Pratt Street', '410-555-1478'),
('Milwaukee', 'WI', '53202', '2580 Wisconsin Avenue', '414-555-2580'),
('Albuquerque', 'NM', '87106', '3691 Central Avenue', '505-555-3691'),
('Tucson', 'AZ', '85710', '7412 Broadway Blvd', '520-555-7412'),
('Fresno', 'CA', '93710', '9630 Blackstone Avenue', '559-555-9630'),
('Sacramento', 'CA', '95814', '8524 Capitol Mall', '916-555-8524'),
('Mesa', 'AZ', '85201', '7531 Main Street', '480-555-7531'),
('Kansas City', 'MO', '64108', '1597 Grand Blvd', '816-555-1597'),
('Atlanta', 'GA', '30303', '9513 Peachtree Street', '404-555-9513'),
('Miami', 'FL', '33137', '6420 Biscayne Blvd', '305-555-6420'),
('Raleigh', 'NC', '27607', '3141 Hillsborough Street', '919-555-3141');


INSERT INTO bmart_products VALUES
('100000000001', 'Coca-Cola Can 12pk', 0.5, 0.33, 12, 'Cans', 'USA', 6.99, 'Coca-Cola', 'Beverages'),
('100000000002', 'Red Bull 4pk', 0.3, 0.25, 4, 'Cans', 'Austria', 8.99, 'Red Bull', 'Beverages'),
('100000000003', 'Glad Trash Bags', 1.2, 0.80, 40, 'Box', 'USA', 9.49, 'Glad', 'Household Essentials'),
('100000000004', 'Tyson Chicken Nuggets', 0.9, 0.50, 1, 'Bag', 'USA', 7.99, 'Tyson Foods', 'Frozen Foods'),
('100000000005', 'Nestlé Chocolate Bar', 0.2, 0.10, 1, 'Wrapper', 'Switzerland', 1.99, 'Nestlé', 'Baked Goods'),
('100000000006', 'Quaker Oats Canister', 1.0, 0.70, 1, 'Canister', 'USA', 4.99, 'Quaker Oats', 'Dry & Packaged Goods'),
('100000000007', 'Clorox Wipes', 0.7, 0.50, 1, 'Canister', 'USA', 5.49, 'Clorox', 'Health & Beauty'),
('100000000008', 'Fruit of the Loom Socks 6pk', 0.6, 0.30, 6, 'Plastic', 'USA', 10.99, 'Fruit of the Loom', 'Clothing'),
('100000000009', 'General Mills Cereal', 0.8, 0.60, 1, 'Box', 'USA', 3.99, 'General Mills', 'Dry & Packaged Goods'),
('100000000010', 'LibDib Wine Bottle', 1.1, 0.75, 1, 'Glass', 'France', 12.99, 'LibDib', 'Alcohol'),

('100000000011', 'Pepsi 6pk Bottles', 0.5, 0.50, 6, 'Plastic', 'USA', 5.99, 'Pepsi Co', 'Beverages'),
('100000000012', 'Amazon Fresh Bananas', 1.2, 0.30, 6, 'Bundle', 'Ecuador', 1.49, 'Amazon Fresh', 'Produce'),
('100000000013', 'McCormick Black Pepper', 0.1, 0.10, 1, 'Jar', 'USA', 3.49, 'McCormick', 'Dry & Packaged Goods'),
('100000000014', 'Chiquita Plantains', 1.1, 0.40, 3, 'Bundle', 'Honduras', 1.79, 'Chiquita', 'Produce'),
('100000000015', 'U.S. Foods Ground Beef', 1.0, 0.70, 1, 'Wrap', 'USA', 6.49, 'U.S. Foods', 'Meat'),
('100000000016', 'Kraft Heinz Mac & Cheese', 0.5, 0.50, 1, 'Box', 'USA', 2.99, 'Kraft Heinz', 'Dry & Packaged Goods'),
('100000000017', 'Nestlé Water 24pk', 0.6, 0.50, 24, 'Plastic', 'USA', 4.49, 'Nestlé', 'Beverages'),
('100000000018', 'Bounty Paper Towels', 0.9, 0.80, 6, 'Rolls', 'USA', 10.99, 'Bounty', 'Household Essentials'),
('100000000019', 'Dole Pineapple Chunks', 0.3, 0.30, 1, 'Can', 'Philippines', 2.19, 'Dole', 'Produce'),
('100000000020', 'Land O\'Lakes Butter', 0.5, 0.50, 1, 'Box', 'USA', 3.59, 'Land O\'Lakes', 'Dairy'),

('100000000021', 'Coca-Cola Mini Cans 6pk', 0.4, 0.22, 6, 'Cans', 'USA', 4.49, 'Coca-Cola', 'Beverages'),
('100000000022', 'Pepsi Max 12pk', 0.5, 0.33, 12, 'Cans', 'USA', 6.99, 'Pepsi Co', 'Beverages'),
('100000000023', 'Red Bull Sugar Free 4pk', 0.3, 0.25, 4, 'Cans', 'Austria', 9.49, 'Red Bull', 'Beverages'),
('100000000024', 'Fruit of the Loom T-Shirts', 0.8, 0.20, 3, 'Bag', 'USA', 14.99, 'Fruit of the Loom', 'Clothing'),
('100000000025', 'McCormick Cinnamon', 0.1, 0.10, 1, 'Jar', 'USA', 2.99, 'McCormick', 'Dry & Packaged Goods'),
('100000000026', 'Glad Freezer Bags 20ct', 0.4, 0.40, 20, 'Box', 'USA', 3.99, 'Glad', 'Household Essentials'),
('100000000027', 'Tyson Grilled Chicken', 0.9, 0.60, 1, 'Bag', 'USA', 7.49, 'Tyson Foods', 'Frozen Foods'),
('100000000028', 'General Mills Granola Bars', 0.5, 0.40, 6, 'Box', 'USA', 4.29, 'General Mills', 'Baked Goods'),
('100000000029', 'Amazon Fresh Spinach', 0.3, 0.30, 1, 'Bag', 'USA', 2.99, 'Amazon Fresh', 'Produce'),
('100000000030', 'Chiquita Bananas', 1.0, 0.40, 6, 'Bundle', 'Guatemala', 1.39, 'Chiquita', 'Produce'),

('100000000031', 'Nestlé Coffee Creamer', 0.6, 0.50, 1, 'Bottle', 'USA', 3.99, 'Nestlé', 'Dairy'),
('100000000032', 'Kraft Heinz Ketchup', 0.9, 0.70, 1, 'Bottle', 'USA', 2.99, 'Kraft Heinz', 'Dry & Packaged Goods'),
('100000000033', 'Dole Salad Mix', 0.5, 0.30, 1, 'Bag', 'USA', 2.49, 'Dole', 'Produce'),
('100000000034', 'Clorox Bleach', 1.2, 0.90, 1, 'Bottle', 'USA', 4.79, 'Clorox', 'Health & Beauty'),
('100000000035', 'LibDib Red Wine', 1.3, 0.75, 1, 'Glass', 'Italy', 14.99, 'LibDib', 'Alcohol'),
('100000000036', 'Quaker Oats Overnight Cups', 0.4, 0.30, 1, 'Cup', 'USA', 2.49, 'Quaker Oats', 'Dry & Packaged Goods'),
('100000000037', 'Land O\'Lakes Cheese Slices', 0.5, 0.50, 1, 'Pack', 'USA', 3.89, 'Land O\'Lakes', 'Dairy'),
('100000000038', 'Nestlé Ice Cream Pint', 0.8, 0.80, 1, 'Tub', 'USA', 4.99, 'Nestlé', 'Frozen Foods'),
('100000000039', 'U.S. Foods Bacon', 0.7, 0.50, 1, 'Wrap', 'USA', 5.99, 'U.S. Foods', 'Meat'),
('100000000040', 'Pepsi Co Lip Balm Pack', 0.1, 0.10, 3, 'Blister', 'USA', 3.49, 'Pepsi Co', 'Health & Beauty'),

('100000000041', 'McCormick Taco Seasoning', 0.1, 0.10, 1, 'Packet', 'USA', 0.99, 'McCormick', 'Dry & Packaged Goods'),
('100000000042', 'Red Bull Yellow Edition 4pk', 0.3, 0.25, 4, 'Cans', 'Austria', 9.99, 'Red Bull', 'Beverages'),
('100000000043', 'Clorox Toilet Cleaner', 0.9, 0.80, 1, 'Bottle', 'USA', 3.49, 'Clorox', 'Health & Beauty'),
('100000000044', 'Glad Sandwich Bags 100ct', 0.4, 0.50, 100, 'Box', 'USA', 5.49, 'Glad', 'Household Essentials'),
('100000000045', 'Coca-Cola Glass Bottle 6pk', 1.0, 0.33, 6, 'Glass', 'Mexico', 7.99, 'Coca-Cola', 'Beverages'),
('100000000046', 'Tyson Chicken Strips', 0.9, 0.60, 1, 'Bag', 'USA', 8.99, 'Tyson Foods', 'Frozen Foods'),
('100000000047', 'General Mills Cookie Mix', 0.6, 0.50, 1, 'Box', 'USA', 3.79, 'General Mills', 'Baked Goods'),
('100000000048', 'Quaker Rice Cakes', 0.5, 0.40, 1, 'Bag', 'USA', 3.29, 'Quaker Oats', 'Dry & Packaged Goods'),
('100000000049', 'Dole Fruit Bowls 4pk', 0.3, 0.40, 4, 'Cups', 'USA', 2.99, 'Dole', 'Produce'),
('100000000050', 'Fruit of the Loom Hoodie', 1.5, 0.90, 1, 'Bag', 'USA', 24.99, 'Fruit of the Loom', 'Clothing');

('100001000051', 'Heineken Beer', 0.500, 0.330, 24, 'Bottle', 'Netherlands', 1.25, 0.99, 'Heineken'),
('100001000052', 'Budweiser Beer', 0.510, 0.355, 24, 'Can', 'USA', 1.10, 0.89, 'Budweiser'),
('100001000053', 'Corona Extra', 0.520, 0.355, 24, 'Bottle', 'Mexico', 1.30, 1.09, 'Corona'),
('100001000054', 'Guinness Draught', 0.550, 0.440, 24, 'Can', 'Ireland', 1.50, 1.39, 'Guinness'),
('100001000055', 'Stella Artois', 0.500, 0.330, 24, 'Bottle', 'Belgium', 1.40, 1.19, 'Stella Artois'),
('100001000056', 'Beck''s Beer', 0.500, 0.330, 24, 'Bottle', 'Germany', 1.20, 0.99, 'Beck''s'),
('100001000057', 'Coors Light', 0.505, 0.355, 24, 'Can', 'USA', 1.00, 0.80, 'Coors'),
('100001000058', 'Pilsner Urquell', 0.500, 0.330, 24, 'Bottle', 'Czech Republic', 1.35, 1.19, 'Pilsner Urquell'),
('100001000059', 'Blue Moon', 0.540, 0.355, 24, 'Bottle', 'USA', 1.45, 1.29, 'Blue Moon'),
('100001000060', 'Modelo Especial', 0.500, 0.355, 24, 'Bottle', 'Mexico', 1.30, 1.09, 'Modelo'),
('100001000061', 'Smirnoff Vodka', 1.200, 0.750, 12, 'Bottle', 'Russia', 7.99, 6.79, 'Smirnoff'),
('100001000062', 'Absolut Vodka', 1.250, 0.750, 12, 'Bottle', 'Sweden', 8.49, 7.09, 'Absolut'),
('100001000063', 'Jack Daniel''s Whiskey', 1.400, 0.750, 12, 'Bottle', 'USA', 10.99, 8.99, 'Jack Daniel''s'),
('100001000064', 'Jameson Irish Whiskey', 1.350, 0.750, 12, 'Bottle', 'Ireland', 11.49, 9.29, 'Jameson'),
('100001000065', 'Captain Morgan Rum', 1.300, 0.750, 12, 'Bottle', 'Jamaica', 9.49, 7.50, 'Captain Morgan'),
('100001000066', 'Bacardi Rum', 1.280, 0.750, 12, 'Bottle', 'Puerto Rico', 8.99, 7.00, 'Bacardi'),
('100001000067', 'Johnnie Walker Red Label', 1.400, 0.750, 12, 'Bottle', 'Scotland', 12.49, 9.79, 'Johnnie Walker'),
('100001000068', 'Chivas Regal', 1.400, 0.750, 12, 'Bottle', 'Scotland', 14.99, 11.29, 'Chivas'),
('100001000069', 'Grey Goose Vodka', 1.300, 0.750, 12, 'Bottle', 'France', 15.99, 12.09, 'Grey Goose'),
('100001000070', 'Patrón Tequila', 1.250, 0.750, 12, 'Bottle', 'Mexico', 18.49, 14.59, 'Patrón'),
('100001000071', 'Jose Cuervo Tequila', 1.200, 0.750, 12, 'Bottle', 'Mexico', 9.99, 7.89, 'Jose Cuervo'),
('100001000072', 'Tanqueray Gin', 1.250, 0.750, 12, 'Bottle', 'UK', 10.99, 8.79, 'Tanqueray'),
('100001000073', 'Bombay Sapphire Gin', 1.250, 0.750, 12, 'Bottle', 'UK', 12.49, 9.99, 'Bombay'),
('100001000074', 'Baileys Irish Cream', 1.300, 0.750, 12, 'Bottle', 'Ireland', 13.99, 10.99, 'Baileys'),
('100001000075', 'Hennessy Cognac', 1.400, 0.750, 12, 'Bottle', 'France', 19.99, 16.09, 'Hennessy'),
('100001000076', 'Disaronno Amaretto', 1.200, 0.700, 12, 'Bottle', 'Italy', 12.99, 9.79, 'Disaronno'),
('100001000077', 'Kahlúa Coffee Liqueur', 1.300, 0.750, 12, 'Bottle', 'Mexico', 11.99, 9.09, 'Kahlúa'),
('100001000078', 'Jägermeister', 1.350, 0.750, 12, 'Bottle', 'Germany', 10.49, 8.09, 'Jägermeister'),
('100001000079', 'Campari', 1.200, 0.750, 12, 'Bottle', 'Italy', 13.49, 10.29, 'Campari'),
('100001000080', 'Aperol', 1.100, 0.750, 12, 'Bottle', 'Italy', 11.49, 8.99, 'Aperol'),
('100001000081', 'Sapporo Beer', 0.550, 0.500, 24, 'Can', 'Japan', 1.60, 1.39, 'Sapporo'),
('100001000082', 'Asahi Super Dry', 0.530, 0.500, 24, 'Can', 'Japan', 1.55, 1.29, 'Asahi'),
('100001000083', 'Tsingtao Beer', 0.500, 0.330, 24, 'Bottle', 'China', 1.25, 0.99, 'Tsingtao'),
('100001000084', 'Singha Beer', 0.520, 0.330, 24, 'Bottle', 'Thailand', 1.35, 1.19, 'Singha'),
('100001000085', 'Red Stripe', 0.500, 0.355, 24, 'Bottle', 'Jamaica', 1.30, 1.09, 'Red Stripe'),
('100001000086', 'Carlsberg Beer', 0.500, 0.330, 24, 'Bottle', 'Denmark', 1.20, 0.99, 'Carlsberg'),
('100001000087', 'Tiger Beer', 0.520, 0.330, 24, 'Bottle', 'Singapore', 1.30, 1.09, 'Tiger'),
('100001000088', 'Molson Canadian', 0.500, 0.355, 24, 'Can', 'Canada', 1.10, 0.89, 'Molson'),
('100001000089', 'Labatt Blue', 0.500, 0.355, 24, 'Bottle', 'Canada', 1.15, 0.99, 'Labatt'),
('100001000090', 'Strongbow Cider', 0.550, 0.440, 24, 'Can', 'UK', 1.50, 1.29, 'Strongbow');

INSERT INTO bmart_products (
    upc, name, weight, volume, quantity, packaging,
    src_nation, hq_price, unit_price, brand_name
) VALUES
('251132674866', '6 Pack Pepsi Cola Soda Pop Cans', 9, 12.00, 6, 'Bundled', 'USA', 6.99, 5.79, 'Pepsi'),
('210272668514', 'Tyson All Natural Chicken Nuggets', 10, 0.67, 30, 'Bag', 'USA', 8.99, 7.29, 'Tyson'),
('829603693799', 'Disinfecting Wipes', 3.75, 306, 1, 'Plastic Cylinder', 'USA', 12.99, 10.59, 'Clorox'),
('975525741599', '6 Pack Mug Root Beer Cans', 9, 12.00, 6, 'Bundled', 'USA', 6.99, 5.79, 'MUG'),
('037655559093', 'Chiquita Organic Bananas', 2, 160, 5, 'Bundled', 'USA', 4.50, 3.79, 'Chiquita'),
('139381014089', 'Honey Nut Cherios', 10.8, 14, 1, 'Box', 'USA', 7.99, 6.59, 'Cheerios'),
('455860253759', 'Heinz Tomato Ketchup', 20, 8, 1, 'Bottle', 'USA', 9.99, 8.29, 'Heinz'),
('170364584556', 'Kraft Original Mac N Cheese', 7.25, 20, 12, 'Box', 'USA', 21.99, 18.09, 'Kraft'),
('669350438135', 'Blue Bunny Mini Swirls', 7.25, 19, 10, 'Box', 'USA', 10.99, 9.09, 'Blue Bunny'),
('824381447989', 'Blue Bunny Chocolate Ice Cream', 10, 35, 1, 'Container', 'USA', 15.99, 13.09, 'Blue Bunny'),
('244329410266', 'Blue Bunny Vanilla Ice Cream', 10, 35, 1, 'Container', 'USA', 15.99, 13.09, 'Blue Bunny'),
('731769370447', 'Crest 3DWhite Brilliance Peppermint Teeth Whitening Toothpaste', 4.6, 5, 1, 'Tube', 'USA', 9.99, 8.29, 'Crest'),
('018902942873', 'Crest 3DWhite Brilliance Mouthwash', 12, 0.66, 1, 'Bottle', 'USA', 11.99, 9.79, 'Crest'),
('220562621819', 'Organic Fuji Apples', 1.200, 0.800, 20, 'Bag', 'USA', 3.99, 3.29, 'Nature''s Best'),
('188414884828', 'Jasmine Rice', 5.000, 4.500, 20, 'Plastic Bag', 'TH', 15.99, 13.29, 'Golden Elephant'),
('354244817578', 'Whole Milk (1 Gallon)', 3.780, 3.785, 1, 'Plastic Jug', 'USA', 4.49, 3.79, 'Dairy Pure'),
('624783562921', 'Dark Chocolate Bar', 0.150, 0.075, 1, 'Wrapper', 'SWITZ', 2.99, 2.49, 'Choco Luze'),
('192810422336', 'Extra Virgin Olive Oil', 0.900, 0.500, 1, 'Bottle', 'Italy', 8.99, 7.29, 'Olio Verde'),
('691177934166', 'Almond Butter', 16, 0.350, 1, 'Glass Jar', 'USA', 7.99, 6.50, 'Land O''Lakes'),
('267300003757', 'Orange Juice', 1.100, 1.000, 1, 'Plastic Bottle', 'BRZ', 3.49, 2.89, 'Tropicana'),
('723126518689', 'All-Purpose Flour (5lbs Bag)', 2.270, 1.500, 1, 'Paper Bag', 'CAN', 4.99, 4.09, 'Baker''s Choice'),
('208500988662', 'Cheddar Cheese Block (1lb)', 0.454, 0.400, 1, 'Wrapped', 'USA', 5.29, 4.39, 'Dean''s'),
('876852384768', 'Frozen Peas', 0.454, 0.400, 1, 'Plastic Bag', 'BEL', 2.49, 2.09, 'Green Giant'),
('919366455863', 'Classic Ranch Dressing', 16, 0.473, 1, 'Plastic Bottle', 'USA', 3.49, 2.89, 'Hidden Valley'),
('069720995914', '6-Pack Paper Towels', 2.500, 10.000, 6, 'Plastic Wrap', 'USA', 8.99, 7.29, 'Bounty'),
('459499695743', 'Laundry Detergent (Gallon)', 4.540, 3.785, 1, 'Plastic Jug', 'USA', 12.49, 10.09, 'Tide'),
('341909583740', 'Dawn Power Suds Dishsoap', 0.450, 0.473, 1, 'Plastic Bottle', 'USA', 2.99, 2.39, 'Dawn'),
('793071614887', 'Glad Force Flex Trash Bags', 1.500, 4.000, 30, 'Cardboard Box', 'USA', 5.99, 4.99, 'Glad'),
('322615375333', 'Dixie Everyday Paper Plates', 0.750, 2.000, 90, 'Plastic Wrap', 'USA', 24.99, 20.09, 'Dixie'),
('018388870437', 'Febreze Mist Air Freshner Spray (2-Pack)', 0.880, 17.6, 2, 'Tubes', 'USA', 10.49, 8.79, 'Febreze');




INSERT INTO inventory (product_num, store, max_amt, curr_amt, local_price) VALUES
('100000000001', 1, 100, 60, 7.49),
('100000000002', 1, 80, 50, 9.49),
('100000000003', 1, 60, 30, 9.99),

('100000000004', 2, 40, 15, 8.29),
('100000000005', 2, 120, 100, 2.49),
('100000000006', 2, 90, 60, 5.25),

('100000000007', 3, 75, 40, 5.75),
('100000000008', 3, 55, 40, 10.99),
('100000000009', 3, 85, 65, 4.39),

('100000000010', 4, 35, 20, 13.49),
('100000000011', 4, 100, 80, 6.25),
('100000000012', 4, 150, 100, 1.25),

('100000000013', 5, 40, 20, 3.79),
('100000000014', 5, 50, 25, 1.99),
('100000000015', 5, 70, 40, 6.75),

('100000000016', 6, 90, 70, 3.49),
('100000000017', 6, 60, 35, 4.69),
('100000000018', 6, 45, 30, 11.99),

('100000000019', 7, 50, 25, 2.29),
('100000000020', 7, 80, 50, 3.99),
('100000000021', 7, 100, 65, 4.69),

('100000000022', 8, 80, 45, 7.25),
('100000000023', 8, 75, 40, 9.99),
('100000000024', 8, 60, 35, 14.99),

('100000000025', 9, 55, 40, 3.09),
('100000000026', 9, 90, 60, 4.59),
('100000000027', 9, 70, 30, 8.25),

('100000000028', 10, 100, 80, 4.49),
('100000000029', 10, 50, 30, 3.25),
('100000000030', 10, 85, 50, 1.39),

('100000000031', 11, 45, 30, 3.79),
('100000000032', 11, 55, 40, 3.39),
('100000000033', 11, 50, 30, 2.49),

('100000000034', 12, 60, 35, 4.99),
('100000000035', 12, 40, 20, 14.99),
('100000000036', 12, 70, 40, 2.79),

('100000000037', 13, 60, 30, 3.75),
('100000000038', 13, 80, 55, 5.25),
('100000000039', 13, 50, 25, 6.25),

('100000000040', 14, 90, 60, 3.49),
('100000000041', 14, 120, 100, 1.09),
('100000000042', 14, 60, 30, 10.25),

('100000000043', 15, 55, 40, 3.79),
('100000000044', 15, 80, 60, 6.25),
('100000000045', 15, 65, 35, 8.99),

('100000000046', 16, 70, 30, 9.49),
('100000000047', 16, 75, 45, 3.89),
('100000000048', 16, 50, 35, 3.49),

('100000000049', 17, 60, 40, 2.79),
('100000000050', 17, 40, 25, 25.99);

INSERT INTO hrs_operating (store, day_of_week, opening_time, closing_time) VALUES
(1, 1, '08:00:00', '20:00:00'),
(1, 2, '08:00:00', '20:00:00'),
(1, 3, '08:00:00', '20:00:00'),
(1, 4, '09:00:00', '18:00:00'),
(1, 5, '09:00:00', '18:00:00'),
(1, 6, '10:00:00', '17:00:00'),
(1, 7, '10:00:00', '17:00:00'),
(2, 1, '08:00:00', '20:00:00'),
(2, 2, '08:00:00', '20:00:00'),
(2, 3, '08:00:00', '20:00:00'),
(2, 4, '09:00:00', '18:00:00'),
(2, 5, '09:00:00', '18:00:00'),
(2, 6, '10:00:00', '17:00:00'),
(2, 7, '10:00:00', '17:00:00'),
(3, 1, '08:00:00', '20:00:00'),
(3, 2, '08:00:00', '20:00:00'),
(3, 3, '08:00:00', '20:00:00'),
(3, 4, '09:00:00', '18:00:00'),
(3, 5, '09:00:00', '18:00:00'),
(3, 6, '10:00:00', '17:00:00'),
(3, 7, '10:00:00', '17:00:00'),
(4, 1, '08:00:00', '20:00:00'),
(4, 2, '08:00:00', '20:00:00'),
(4, 3, '08:00:00', '20:00:00'),
(4, 4, '09:00:00', '18:00:00'),
(4, 5, '09:00:00', '18:00:00'),
(4, 6, '10:00:00', '17:00:00'),
(4, 7, '10:00:00', '17:00:00'),
(5, 1, '08:00:00', '20:00:00'),
(5, 2, '08:00:00', '20:00:00'),
(5, 3, '08:00:00', '20:00:00'),
(5, 4, '09:00:00', '18:00:00'),
(5, 5, '09:00:00', '18:00:00'),
(5, 6, '10:00:00', '17:00:00'),
(5, 7, '10:00:00', '17:00:00'),
(6, 1, '08:00:00', '20:00:00'),
(6, 2, '08:00:00', '20:00:00'),
(6, 3, '08:00:00', '20:00:00'),
(6, 4, '09:00:00', '18:00:00'),
(6, 5, '09:00:00', '18:00:00'),
(6, 6, '10:00:00', '17:00:00'),
(6, 7, '10:00:00', '17:00:00'),
(7, 1, '08:00:00', '20:00:00'),
(7, 2, '08:00:00', '20:00:00'),
(7, 3, '08:00:00', '20:00:00'),
(7, 4, '09:00:00', '18:00:00'),
(7, 5, '09:00:00', '18:00:00'),
(7, 6, '10:00:00', '17:00:00'),
(7, 7, '10:00:00', '17:00:00'),
(8, 1, '08:00:00', '20:00:00'),
(8, 2, '08:00:00', '20:00:00'),
(8, 3, '08:00:00', '20:00:00'),
(8, 4, '09:00:00', '18:00:00'),
(8, 5, '09:00:00', '18:00:00'),
(8, 6, '10:00:00', '17:00:00'),
(8, 7, '10:00:00', '17:00:00'),
(9, 1, '08:00:00', '20:00:00'),
(9, 2, '08:00:00', '20:00:00'),
(9, 3, '08:00:00', '20:00:00'),
(9, 4, '09:00:00', '18:00:00'),
(9, 5, '09:00:00', '18:00:00'),
(9, 6, '10:00:00', '17:00:00'),
(9, 7, '10:00:00', '17:00:00'),
(10, 1, '08:00:00', '20:00:00'),
(10, 2, '08:00:00', '20:00:00'),
(10, 3, '08:00:00', '20:00:00'),
(10, 4, '09:00:00', '18:00:00'),
(10, 5, '09:00:00', '18:00:00'),
(10, 6, '10:00:00', '17:00:00'),
(10, 7, '10:00:00', '17:00:00'),
(11, 1, '08:00:00', '20:00:00'),
(11, 2, '08:00:00', '20:00:00'),
(11, 3, '08:00:00', '20:00:00'),
(11, 4, '09:00:00', '18:00:00'),
(11, 5, '09:00:00', '18:00:00'),
(11, 6, '10:00:00', '17:00:00'),
(11, 7, '10:00:00', '17:00:00'),
(12, 1, '08:00:00', '20:00:00'),
(12, 2, '08:00:00', '20:00:00'),
(12, 3, '08:00:00', '20:00:00'),
(12, 4, '09:00:00', '18:00:00'),
(12, 5, '09:00:00', '18:00:00'),
(12, 6, '10:00:00', '17:00:00'),
(12, 7, '10:00:00', '17:00:00');


INSERT INTO purchases (purchase_date, price, online_order, is_delivered, customer) VALUES
('2025-04-15 10:30:00', 150, 1, 1, 1),
('2025-04-15 14:45:00', 75, 0, 1, 2),
('2025-04-16 09:15:00', 300, 1, 0, 3),
('2025-04-16 17:25:00', 50, 0, 1, 4),
('2025-04-17 11:00:00', 200, 1, 1, 5),
('2025-04-18 13:15:00', 125, 1, 0, 6),
('2025-04-18 16:30:00', 90, 0, 1, 7),
('2025-04-19 10:50:00', 400, 1, 1, 10),
('2025-04-19 12:10:00', 60, 0, 1, 11),
('2025-04-20 15:30:00', 250, 1, 0, 12),
('2025-04-21 08:50:00', 180, 1, 1, 8),
('2025-04-21 12:20:00', 40, 0, 1, 9),
('2025-04-22 14:00:00', 95, 1, 1, 20),
('2025-04-22 17:10:00', 35, 0, 1, 15),
('2025-04-23 11:15:00', 400, 1, 0, 13),
('2025-04-23 16:40:00', 100, 1, 1, 14),
('2025-04-24 09:25:00', 70, 0, 1, 17),
('2025-04-24 13:35:00', 215, 1, 0, 16),
('2025-04-25 15:50:00', 300, 1, 1, 14),
('2025-04-25 18:10:00', 55, 0, 1, 22);



INSERT INTO order_items (order_id, product, quantity, inventory_id, purchase_id) VALUES
(1, '100000000003', 2, 1, 1),
(1, '100000000007', 3, 1, 1),
(2, '100000000011', 1, 2, 2),
(3, '100000000013', 4, 2, 3),
(3, '100000000048', 5, 3, 3),
(4, '100000000022', 2, 3, 4),
(5, '100000000017', 3, 1, 5),
(6, '100000000041', 2, 2, 6),
(7, '100001000051', 4, 3, 7),
(8, '100001000059', 5, 4, 8),
(9, '100000000023', 6, 4, 9),
(10, '100000000033', 3, 1, 10),
(11, '100000000034', 1, 2, 11),
(12, '100000000045', 4, 3, 12),
(13, '100000000017', 2, 4, 13),
(14, '100000000022', 3, 5, 14),
(15, '100000000049', 1, 5, 15),
(16, '100000000016', 5, 6, 16),
(17, '100000000020', 6, 6, 17),
(18, '100000000022', 2, 7, 18);

INSERT INTO product_types (product, type) VALUES
('100000000001', 'Beverages'),
('100000000002', 'Beverages'),
('100000000003', 'Household Essentials'),
('100000000004', 'Frozen Foods'),
('100000000005', 'Dry & Packaged Goods'),
('100000000006', 'Dry & Packaged Goods'),
('100000000007', 'Household Essentials'),
('100000000008', 'Clothing'),
('100000000009', 'Dry & Packaged Goods'),
('100000000010', 'Alcohol'),
('100000000011', 'Beverages'),
('100000000012', 'Produce'),
('100000000013', 'Dry & Packaged Goods'),
('100000000014', 'Produce'),
('100000000015', 'Meat'),
('100000000016', 'Dry & Packaged Goods'),
('100000000017', 'Beverages'),
('100000000018', 'Household Essentials'),
('100000000019', 'Produce'),
('100000000020', 'Dairy'),
('100000000021', 'Beverages'),
('100000000022', 'Beverages'),
('100000000023', 'Beverages'),
('100000000024', 'Clothing'),
('100000000025', 'Dry & Packaged Goods'),
('100000000031', 'Dry & Packaged Goods'),
('100000000032', 'Dry & Packaged Goods'),
('100000000033', 'Produce'),
('100000000034', 'Household Essentials'),
('100000000035', 'Alcohol'),
('100000000035', 'Beverages'),
('100000000036', 'Dry & Packaged Goods'),
('100000000037', 'Dairy'),
('100000000038', 'Frozen Foods'),
('100000000039', 'Meat'),
('100000000040', 'Health & Beauty'),
('100000000041', 'Dry & Packaged Goods'),
('100000000042', 'Beverages'),
('100000000043', 'Household Essentials'),
('100000000044', 'Household Essentials'),
('100000000045', 'Beverages'),
('100000000046', 'Frozen Foods'),
('100000000047', 'Dry & Packaged Goods'),
('100000000048', 'Dry & Packaged Goods'),
('100000000049', 'Produce'),
('100000000050', 'Clothing'),
('100001000051', 'Alcohol'),
 ('100001000051', 'Beverages'),
('100001000052', 'Alcohol'),
('100001000052', 'Beverages'),
('100001000053', 'Alcohol'),
('100001000053', 'Beverages'),
('100001000054', 'Alcohol'),
('100001000054', 'Beverages'),
('100001000055', 'Alcohol'),
('100001000055', 'Beverages'),
('100001000056', 'Alcohol'),
('100001000056', 'Beverages'),
('100001000057', 'Alcohol'),
('100001000057', 'Beverages'),
('100001000058', 'Alcohol'),
('100001000058', 'Beverages'),
('100001000059', 'Alcohol'),
('100001000059', 'Beverages'),
('100001000060', 'Alcohol'),
('100001000060', 'Beverages'),
('100001000061', 'Alcohol'),
('100001000061', 'Beverages'),
('100001000062', 'Alcohol'),
('100001000062', 'Beverages'),
('100001000063', 'Alcohol'),
('100001000063', 'Beverages'),
('100001000064', 'Alcohol'),
('100001000064', 'Beverages'),
('100001000065', 'Alcohol'),
('100001000065', 'Beverages'),
('100001000066', 'Alcohol'),
('100001000066', 'Beverages'),
('100001000067', 'Alcohol'),
('100001000067', 'Beverages'),
('100001000068', 'Alcohol'),
('100001000068', 'Beverages'),
('100001000069', 'Alcohol'),
('100001000069', 'Beverages'),
('100001000070', 'Alcohol'),
('100001000070', 'Beverages'),
('100001000071', 'Alcohol'),
('100001000071', 'Beverages'),
('100001000072', 'Alcohol'),
('100001000072', 'Beverages'),
('100001000073', 'Alcohol'),
('100001000073', 'Beverages'),
('100001000074', 'Alcohol'),
('100001000074', 'Beverages'),
('100001000075', 'Alcohol'),
('100001000075', 'Beverages'),
('100001000076', 'Alcohol'),
('100001000076', 'Beverages'),
('100001000077', 'Alcohol'),
('100001000077', 'Beverages'),
('100001000078', 'Alcohol'),
('100001000078', 'Beverages'),
('100001000079', 'Alcohol'),
('100001000079', 'Beverages'),
('100001000080', 'Alcohol'),
('100001000080', 'Beverages'),
('100001000081', 'Alcohol'),
('100001000081', 'Beverages'),
('100001000082', 'Alcohol'),
('100001000082', 'Beverages'),
('100001000083', 'Alcohol'),
('100001000083', 'Beverages'),
('100001000084', 'Alcohol'),
('100001000084', 'Beverages'),
('100001000085', 'Alcohol'),
('100001000085', 'Beverages'),
('100001000086', 'Alcohol'),
('100001000086', 'Beverages'),
('100001000087', 'Alcohol'),
('100001000087', 'Beverages'),
('100001000088', 'Alcohol'),
('100001000088', 'Beverages'),
('100001000089', 'Alcohol'),
('100001000089', 'Beverages'),
('100001000090', 'Alcohol'),
('100001000090', 'Beverages');


INSERT INTO vendor VALUES ("LibDib");
INSERT INTO vendor VALUES ("Pepsi Co");
INSERT INTO vendor VALUES ("Tyson Foods");
INSERT INTO vendor VALUES ("U.S Foods");
INSERT INTO vendor VALUES ("Coca-Cola");
INSERT INTO vendor VALUES ("Amazon Fresh");
INSERT INTO vendor VALUES ("Nestle");
INSERT INTO vendor VALUES ("General Mills");
INSERT INTO vendor VALUES ("Kraft Heinz");
INSERT INTO vendor VALUES ("Dole");
INSERT INTO vendor VALUES ("Chiquita");
INSERT INTO vendor VALUES ("Land O'Lakes");
INSERT INTO vendor VALUES ("Quaker Oats");
INSERT INTO vendor VALUES ("Fruit of the Loom");
INSERT INTO vendor VALUES ("Red Bull");
INSERT INTO vendor VALUES ("McCormick");
INSERT INTO vendor VALUES ("Clorox");
INSERT INTO vendor VALUES ("Glad");
INSERT INTO vendor VALUES ("Bounty");
INSERT INTO vendor VALUES ("Northern Tool");
INSERT INTO vendors (vendor_name) VALUES
('Heineken'),
('Budweiser'),
('Corona'),
('Guinness'),
('Stella Artois'),
('Beck''s'),
('Coors'),
('Pilsner Urquell'),
('Blue Moon'),
('Modelo'),
('Smirnoff'),
('Absolut'),
('Jack Daniel''s'),
('Jameson'),
('Captain Morgan'),
('Bacardi'),
('Johnnie Walker'),
('Chivas Regal'),
('Grey Goose'),
('Patrón'),
('Jose Cuervo'),
('Tanqueray'),
('Bombay'),
('Baileys Irish Cream'),
('Hennessy'),
('Disaronno'),
('Kahlúa'),
('Jägermeister'),
('Campari'),
('Aperol'),
('Sapporo'),
('Asahi'),
('Tsingtao'),
('Singha'),
('Red Stripe'),
('Carlsberg'),
('Tiger'),
('Molson'),
('Labatt'),
('Strongbow');

INSERT INTO brands (brand_name, vendor_name) VALUES
('Coca-Cola', 'Coca-Cola'),
('Red Bull', 'Red Bull'),
('Glad', 'Glad'),
('Tyson Foods', 'Tyson Foods'),
('Nestle', 'Nestle'),
('Quaker Oats', 'Quaker Oats'),
('Clorox', 'Clorox'),
('Fruit of the Loom', 'Fruit of the Loom'),
('General Mills', 'General Mills'),
('LibDib', 'LibDib'),
('Pepsi Co', 'Pepsi Co'),
('Amazon Fresh', 'Amazon Fresh'),
('McCormick', 'McCormick'),
('Chiquita', 'Chiquita'),
('U.S Foods', 'U.S Foods'),
('Kraft Heinz', 'Kraft Heinz'),
('Bounty', 'Bounty'),
('Dole', 'Dole'),
('Land O''Lakes', 'Land O''Lakes'),
('Heineken', 'Heineken'),
('Budweiser', 'Budweiser'),
('Corona', 'Corona'),
('Guinness', 'Guinness'),
('Stella Artois', 'Stella Artois'),
('Beck''s', 'Beck''s'),
('Coors', 'Coors'),
('Pilsner Urquell', 'Pilsner Urquell'),
('Blue Moon', 'Blue Moon'),
('Modelo', 'Modelo'),
('Smirnoff', 'Smirnoff'),
('Absolut', 'Absolut'),
('Jack Daniel''s', 'Jack Daniel''s'),
('Jameson', 'Jameson'),
('Captain Morgan', 'Captain Morgan'),
('Bacardi', 'Bacardi'),
('Johnnie Walker', 'Johnnie Walker'),
('Chivas', 'Chivas Regal'),
('Grey Goose', 'Grey Goose'),
('Patrón', 'Patrón'),
('Jose Cuervo', 'Jose Cuervo'),
('Tanqueray', 'Tanqueray'),
('Bombay', 'Bombay'),
('Baileys', 'Baileys Irish Cream'),
('Hennessy', 'Hennessy'),
('Disaronno', 'Disaronno'),
('Kahlúa', 'Kahlúa'),
('Jägermeister', 'Jägermeister'),
('Campari', 'Campari'),
('Aperol', 'Aperol'),
('Sapporo', 'Sapporo'),
('Asahi', 'Asahi'),
('Tsingtao', 'Tsingtao'),
('Singha', 'Singha'),
('Red Stripe', 'Red Stripe'),
('Carlsberg', 'Carlsberg'),
('Tiger', 'Tiger'),
('Molson', 'Molson'),
('Labatt', 'Labatt'),
('Strongbow', 'Strongbow');


INSERT INTO customers (first_name, last_name, city, state, zip_code, address, phone_number, email) VALUES
('John', 'Doe', 'Springfield', 'IL', '62704', '123 Elm Street', '217-555-1234', 'jdoe@iwu.edu'),
('Jane', 'Smith', 'Chicago', 'IL', '60614', '456 Oak Avenue', '312-555-5678', 'janesmith@yahoo.com'),
('Robert', 'Brown', 'Peoria', 'IL', '61602', '789 Maple Lane', '309-555-9876', 'robbrown@gmail.com'),
('Emily', 'Johnson', 'Rockford', 'IL', '61101', '234 Birch Drive', '815-555-6543', 'emjohnson@outlook.com'),
('Michael', 'Taylor', 'Normal', 'IL', '61761', '567 Pine Road', '309-555-4321', 'michaeltaylor@gmail.com'),
('Sophia', 'Williams', 'Decatur', 'IL', '62522', '891 Cedar Blvd', '217-555-7890', 'sophiawilliams@jesus.com'),
('Jacob', 'Martinez', 'Bloomington', 'IL', '61701', '112 Walnut Circle', '309-555-5670', 'jacob.martinez@egmail.com'),
('Olivia', 'Davis', 'Champaign', 'IL', '61820', '334 Willow Path', '217-555-3456', 'olivia.davis@gmail.com'),
('William', 'Garcia', 'Naperville', 'IL', '60540', '778 Chestnut Terrace', '630-555-1230', 'william.garcia@gmail.com'),
('Emma', 'Lopez', 'Aurora', 'IL', '60504', '990 Fir Court', '630-555-6789', 'emma.lopez@yahoo.com'),
('Jake', 'Kougan', 'Frankfort', 'IL', '60423', '8616 Huckins Drive', '312-718-1065', 'jakekougan6@gmail.com'),
('Jalynn', 'Ford', 'LeRoy', 'IL', '61752', '111 Kite Court', '618-830-7929', 'jfo@gmail.com'),
('Bruce', 'Wayne', 'Gotham City', 'NJ', '08001', '1007 Mountain Drive', '215-919-1939', 'bwayne6@gwaynetech.com'),
('Peter', 'Parker', 'Queens', 'NY', '07831', '20 Ingram Street', '718-815-1963', 'pparker@esu.edu'),
('Issac', 'Clarke', 'Denver', 'CO', '80203', '3616 Winnetka Rd', '954-244-2008', 'issacclarke@ishimaura.com'),
('Daffy', 'Duck', 'Los Angeles', 'CA', '90001', '1673 Bibo Drive', '123-456-7890', 'dduck@gmail.com'),
('Alex', 'Mason', 'Fairbanks', 'AL', '99703', '2010 Kino Street', '867-992-1011', 'alexmas@cia.gov'),
('Tony', 'Stank', 'Malibu', 'CA', '90263', '1637 Walker Drive', "111-222-3333", 'stanky@gmail.com'),
('Benny', 'Ballgame', 'Orlando', 'FL', '32789', '1214 Noway Road', '899-234-5765', 'bennyandthejets@gmail.com'),
('Johnny', 'Test', 'Seattle', 'WA', '98039', '212 Main Street', '102-602-4545', 'crimelordfr@gmail.com'),
('Randy', 'Orton', 'St Louis', 'MO', '63101', '123 Winner Road', '619-355-0000', 'ottanowhere@gmail.com'),
('Kendra', 'Daniels', 'Boston', 'MA', '02108', '1221 Kellion Drive', '444-555-9999', 'kdaniels@ishimaura.com'),
('Kayla', 'Halawa', 'Minneapolis', 'MN', '55401', '2 Night Street', '617-716-0000', 'dartyparty6@gmail.com'),
('Jake', 'Miller', 'Peoria', 'IL', '61604', '1025 Oakwood Dr', '3095554321', 'jake.miller@example.com'),
("Liam", "Smith", "Chicago", "Illinois", "60616", "1310 S State St", "312-555-0101", "lsmith@gmail.com"),
("Noah", "Johnson", "Brooklyn", "New York", "11201", "45 Court St", "718-819-0122", "njohnson2@gmail.com"),
("Oliver", "Brown", "Los Angeles", "California", "90017", "850 S Grand Ave", "213-855-0189", "obrown@gmail.com"),
("Henry", "Jones", "Phoenix", "Arizona", "85004", "101 N 1st Ave", "602-910-3819", "hjones@gmail.com"),
("Lukas", "Garcia", "Miami", "Florida", "33130", "234 SW 8th St", "305-824-2941", "lgarcia@gmail.com"),
("Benjamin", "Ramirez", "San Diego", "California", "92101", "600 W Broadway", "619-293-9422", "bramirez@gmail.com"),
("Owen", "Miller", "Boston", "Massachusetts", "02108", "1 Beacon St", "617-249-0123", "omiller@gmail.com"),
("Jackson", "Rodriguez", "Seattle", "Washington", "98101", "1420 5th Ave", "206-111-4012", "jramirez@gmail.com"),
("Gabriel", "Martinez", "Minneapolis", "Minnesota", "55402", "90 S 7th St", "612-999-1000", "gmartinez@gmail.com"),
("Isabella", "Hernandez", "Denver", "Colorado", "80202", "999 18th St", "720-300-9100", "ihernndez@gmail.com"),
("Elizabeth", "Thomas", "Little Rock", "Arkansas", "72201", "400 W Capitol Ave", "501-091-9481", "miataylor@gmail.com"),
("Mia", "Taylor", "Houston", "Texas", "77002", "1001 McKinney St", "713-218-9021", "mtaylor@gmail.com"),
("Ava", "Moore", "Washington", "DC", "20002", "400 Massachusetts Ave NE", "202-498-9351", "avamoore@gmail.com"),
("Evelyn", "Lee", "Philadelphia", "Pennsylvania", "19107", "1234 Market St", "215-349-9521", "elee@gmail.com"),
("Cench", "Cee", "Atlanta", "Georgia", "30303", "200 Peachtree St NW", "404-525-9481", "cenchcee@gmail.com");


INSERT INTO store (city, state, zip_code, address, phone_number) VALUES
('New York City', 'NY', '10001', '1234 Elm Street', '212-555-1234'),
('Los Angeles', 'CA', '90001', '5678 Sunset Boulevard', '323-555-5678'),
('Chicago', 'IL', '60601', '9101 Michigan Avenue', '312-555-9101'),
('Houston', 'TX', '77002', '1122 Main Street', '713-555-1122'),
('Phoenix', 'AZ', '85001', '3344 Camelback Road', '602-555-3344'),
('Philadelphia', 'PA', '19102', '5566 Market Street', '215-555-5566'),
('San Antonio', 'TX', '78209', '7788 Broadway Street', '210-555-7788'),
('San Diego', 'CA', '92101', '9900 Pacific Highway', '619-555-9900'),
('Dallas', 'TX', '75201', '2233 Elm Street', '214-555-2233'),
('San Jose', 'CA', '95110', '4455 Santa Clara Street', '408-555-4455'),
('Austin', 'TX', '78701', '6677 Lamar Boulevard', '512-555-6677'),
('Jacksonville', 'FL', '32246', '8899 Beach Boulevard', '904-555-8899'),
('Fort Worth', 'TX', '76102', '1001 Main Street', '817-555-1001'),
('Columbus', 'OH', '43210', '1122 High Street', '614-555-1122'),
('Charlotte', 'NC', '28205', '3344 Tryon Street', '704-555-3344'),
('San Francisco', 'CA', '94102', '5566 Market Street', '415-555-5566'),
('Indianapolis', 'IN', '46204', '7788 Meridian Street', '317-555-7788'),
('Seattle', 'WA', '98104', '9900 1st Avenue', '206-555-9900'),
('Denver', 'CO', '80206', '2233 Colfax Avenue', '303-555-2233'),
('Washington', 'DC', '20001', '4455 Constitution Avenue', '202-555-4455'),
('Nashville', 'TN', '37203', '6677 Broadway', '615-555-6677'),
('Oklahoma City', 'OK', '73102', '8899 Broadway Avenue', '405-555-8899'),
('Boston', 'MA', '02215', '1001 Beacon Street', '617-555-1001'),
('El Paso', 'TX', '79901', '2345 Montana Avenue', '915-555-2345'),
('Portland', 'OR', '97209', '4567 Burnside Street', '503-555-4567'),
('Las Vegas', 'NV', '89101', '6789 Fremont Street', '702-555-6789'),
('Detroit', 'MI', '48226', '1357 Woodward Avenue', '313-555-1357'),
('Memphis', 'TN', '38103', '2468 Beale Street', '901-555-2468'),
('Louisville', 'KY', '40205', '3690 Bardstown Road', '502-555-3690'),
('Baltimore', 'MD', '21201', '1478 Pratt Street', '410-555-1478'),
('Milwaukee', 'WI', '53202', '2580 Wisconsin Avenue', '414-555-2580'),
('Albuquerque', 'NM', '87106', '3691 Central Avenue', '505-555-3691'),
('Tucson', 'AZ', '85710', '7412 Broadway Blvd', '520-555-7412'),
('Fresno', 'CA', '93710', '9630 Blackstone Avenue', '559-555-9630'),
('Sacramento', 'CA', '95814', '8524 Capitol Mall', '916-555-8524'),
('Mesa', 'AZ', '85201', '7531 Main Street', '480-555-7531'),
('Kansas City', 'MO', '64108', '1597 Grand Blvd', '816-555-1597'),
('Atlanta', 'GA', '30303', '9513 Peachtree Street', '404-555-9513'),
('Miami', 'FL', '33137', '6420 Biscayne Blvd', '305-555-6420'),
('Raleigh', 'NC', '27607', '3141 Hillsborough Street', '919-555-3141');


INSERT INTO bmart_products VALUES
('100000000001', 'Coca-Cola Can 12pk', 0.5, 0.33, 12, 'Cans', 'USA', 6.99, 4.99, 'Coca-Cola'),
('100000000002', 'Red Bull 4pk', 0.3, 0.25, 4, 'Cans', 'Austria', 8.99, 5.99, 'Red Bull'),
('100000000003', 'Glad Trash Bags', 1.2, 0.80, 40, 'Box', 'USA', 9.49, 6.99, 'Glad'),
('100000000004', 'Tyson Chicken Nuggets', 0.9, 0.50, 1, 'Bag', 'USA', 7.99, 4.99, 'Tyson Foods'),
('100000000005', 'Nestlé Chocolate Bar', 0.2, 0.10, 1, 'Wrapper', 'Switzerland', 1.99, 0.99, 'Nestle'),
('100000000006', 'Quaker Oats Canister', 1.0, 0.70, 1, 'Canister', 'USA', 4.99, 2.29, 'Quaker Oats'),
('100000000007', 'Clorox Wipes', 0.7, 0.50, 1, 'Canister', 'USA', 5.49, 3.29, 'Clorox'),
('100000000008', 'Fruit of the Loom Socks 6pk', 0.6, 0.30, 6, 'Plastic', 'USA', 10.99, 7.99, 'Fruit of the Loom'),
('100000000009', 'General Mills Cereal', 0.8, 0.60, 1, 'Box', 'USA', 3.99, 2.79, 'General Mills'),
('100000000010', 'LibDib Wine Bottle', 1.1, 0.75, 1, 'Glass', 'France', 12.99, 8.99, 'LibDib'),

('100000000011', 'Pepsi 6pk Bottles', 0.5, 0.50, 6, 'Plastic', 'USA', 5.99, 3.69, 'Pepsi Co'),
('100000000012', 'Amazon Fresh Bananas', 1.2, 0.30, 6, 'Bundle', 'Ecuador', 1.49, 0.99, 'Amazon Fresh'),
('100000000013', 'McCormick Black Pepper', 0.1, 0.10, 1, 'Jar', 'USA', 3.49, 2.19, 'McCormick'),
('100000000014', 'Chiquita Plantains', 1.1, 0.40, 3, 'Bundle', 'Honduras', 1.79, 0.69, 'Chiquita'),
('100000000015', 'U.S. Foods Ground Beef', 1.0, 0.70, 1, 'Wrap', 'USA', 6.49, 4.29, 'U.S. Foods'),
('100000000016', 'Kraft Heinz Mac & Cheese', 0.5, 0.50, 1, 'Box', 'USA', 2.99, 1.79, 'Kraft Heinz'),
('100000000017', 'Nestlé Water 24pk', 0.6, 0.50, 24, 'Plastic', 'USA', 4.49, 2.29, 'Nestle'),
('100000000018', 'Bounty Paper Towels', 0.9, 0.80, 6, 'Rolls', 'USA', 10.99, 7.49, 'Bounty'),
('100000000019', 'Dole Pineapple Chunks', 0.3, 0.30, 1, 'Can', 'Philippines', 2.19, 1.09, 'Dole'),
('100000000020', 'Land O''Lakes Butter', 0.5, 0.50, 1, 'Box', 'USA', 3.59, 2.39, 'Land O''Lakes'),

('100000000021', 'Coca-Cola Mini Cans 6pk', 0.4, 0.22, 6, 'Cans', 'USA', 4.49, 3.39, 'Coca-Cola'),
('100000000022', 'Pepsi Max 12pk', 0.5, 0.33, 12, 'Cans', 'USA', 6.99, 4.79, 'Pepsi Co'),
('100000000023', 'Red Bull Sugar Free 4pk', 0.3, 0.25, 4, 'Cans', 'Austria', 9.49, 6.59, 'Red Bull'),
('100000000024', 'Fruit of the Loom T-Shirts', 0.8, 0.20, 3, 'Bag', 'USA', 14.99, 10.49, 'Fruit of the Loom'),
('100000000025', 'McCormick Cinnamon', 0.1, 0.10, 1, 'Jar', 'USA', 2.99, 1.69, 'McCormick'),
('100000000026', 'Glad Freezer Bags 20ct', 0.4, 0.40, 20, 'Box', 'USA', 3.99, 2.79, 'Glad'),
('100000000027', 'Tyson Grilled Chicken', 0.9, 0.60, 1, 'Bag', 'USA', 7.49, 5.49, 'Tyson Foods'),
('100000000028', 'General Mills Granola Bars', 0.5, 0.40, 6, 'Box', 'USA', 4.29, 3.39, 'General Mills'),
('100000000029', 'Amazon Fresh Spinach', 0.3, 0.30, 1, 'Bag', 'USA', 2.99, 1.59, 'Amazon Fresh'),
('100000000030', 'Chiquita Bananas', 1.0, 0.40, 6, 'Bundle', 'Guatemala', 1.39, 0.79, 'Chiquita'),

('100000000031', 'Nestlé Coffee Creamer', 0.6, 0.50, 1, 'Bottle', 'USA', 3.99, 2.59, 'Nestle'),
('100000000032', 'Kraft Heinz Ketchup', 0.9, 0.70, 1, 'Bottle', 'USA', 2.99, 1.59, 'Kraft Heinz'),
('100000000033', 'Dole Salad Mix', 0.5, 0.30, 1, 'Bag', 'USA', 2.49, 1.29, 'Dole'),
('100000000034', 'Clorox Bleach', 1.2, 0.90, 1, 'Bottle', 'USA', 4.79, 3.59, 'Clorox'),
('100000000035', 'LibDib Red Wine', 1.3, 0.75, 1, 'Glass', 'Italy', 14.99, 7.99, 'LibDib'),
('100000000036', 'Quaker Oats Overnight Cups', 0.4, 0.30, 1, 'Cup', 'USA', 2.49, 1.29, 'Quaker Oats'),
('100000000037', 'Land O''Lakes Cheese Slices', 0.5, 0.50, 1, 'Pack', 'USA', 3.89, 2.49, 'Land O''Lakes'),
('100000000038', 'Nestlé Ice Cream Pint', 0.8, 0.80, 1, 'Tub', 'USA', 4.99, 2.99, 'Nestle'),
('100000000039', 'U.S. Foods Bacon', 0.7, 0.50, 1, 'Wrap', 'USA', 5.99, 2.99, 'U.S. Foods'),
('100000000040', 'Pepsi Co Lip Balm Pack', 0.1, 0.10, 3, 'Blister', 'USA', 3.49, 2.29, 'Pepsi Co'),

('100000000041', 'McCormick Taco Seasoning', 0.1, 0.10, 1, 'Packet', 'USA', 0.99, 0.49, 'McCormick'),
('100000000042', 'Red Bull Yellow Edition 4pk', 0.3, 0.25, 4, 'Cans', 'Austria', 9.99, 7.59, 'Red Bull'),
('100000000043', 'Clorox Toilet Cleaner', 0.9, 0.80, 1, 'Bottle', 'USA', 3.49, 2.19, 'Clorox'),
('100000000044', 'Glad Sandwich Bags 100ct', 0.4, 0.50, 100, 'Box', 'USA', 5.49, 3.29, 'Glad'),
('100000000045', 'Coca-Cola Glass Bottle 6pk', 1.0, 0.33, 6, 'Glass', 'Mexico', 7.99, 6.99, 'Coca-Cola'),
('100000000046', 'Tyson Chicken Strips', 0.9, 0.60, 1, 'Bag', 'USA', 8.99, 7.49, 'Tyson Foods'),
('100000000047', 'General Mills Cookie Mix', 0.6, 0.50, 1, 'Box', 'USA', 3.79, 2.89, 'General Mills'),
('100000000048', 'Quaker Rice Cakes', 0.5, 0.40, 1, 'Bag', 'USA', 3.29, 2.09, 'Quaker Oats'),
('100000000049', 'Dole Fruit Bowls 4pk', 0.3, 0.40, 4, 'Cups', 'USA', 2.99, 1.79, 'Dole'),
('100000000050', 'Fruit of the Loom Hoodie', 1.5, 0.90, 1, 'Bag', 'USA', 24.99, 21.99, 'Fruit of the Loom');
DELETE FROM bmart_products;



INSERT INTO inventory (product_num, store, max_amt, curr_amt, local_price) VALUES
('100000000001', 1, 100, 60, 7.49),
('100000000002', 1, 80, 50, 9.49),
('100000000003', 1, 60, 30, 9.99),

('100000000004', 2, 40, 15, 8.29),
('100000000005', 2, 120, 100, 2.49),
('100000000006', 2, 90, 60, 5.25),

('100000000007', 3, 75, 40, 5.75),
('100000000008', 3, 55, 40, 10.99),
('100000000009', 3, 85, 65, 4.39),

('100000000010', 4, 35, 20, 13.49),
('100000000011', 4, 100, 80, 6.25),
('100000000012', 4, 150, 100, 1.25),

('100000000013', 5, 40, 20, 3.79),
('100000000014', 5, 50, 25, 1.99),
('100000000015', 5, 70, 40, 6.75),

('100000000016', 6, 90, 70, 3.49),
('100000000017', 6, 60, 35, 4.69),
('100000000018', 6, 45, 30, 11.99),

('100000000019', 7, 50, 25, 2.29),
('100000000020', 7, 80, 50, 3.99),
('100000000021', 7, 100, 65, 4.69),

('100000000022', 8, 80, 45, 7.25),
('100000000023', 8, 75, 40, 9.99),
('100000000024', 8, 60, 35, 14.99),

('100000000025', 9, 55, 40, 3.09),
('100000000026', 9, 90, 60, 4.59),
('100000000027', 9, 70, 30, 8.25),

('100000000028', 10, 100, 80, 4.49),
('100000000029', 10, 50, 30, 3.25),
('100000000030', 10, 85, 50, 1.39),

('100000000031', 11, 45, 30, 3.79),
('100000000032', 11, 55, 40, 3.39),
('100000000033', 11, 50, 30, 2.49),

('100000000034', 12, 60, 35, 4.99),
('100000000035', 12, 40, 20, 14.99),
('100000000036', 12, 70, 40, 2.79),

('100000000037', 13, 60, 30, 3.75),
('100000000038', 13, 80, 55, 5.25),
('100000000039', 13, 50, 25, 6.25),

('100000000040', 14, 90, 60, 3.49),
('100000000041', 14, 120, 100, 1.09),
('100000000042', 14, 60, 30, 10.25),

('100000000043', 15, 55, 40, 3.79),
('100000000044', 15, 80, 60, 6.25),
('100000000045', 15, 65, 35, 8.99),

('100000000046', 16, 70, 30, 9.49),
('100000000047', 16, 75, 45, 3.89),
('100000000048', 16, 50, 35, 3.49),

('100000000049', 17, 60, 40, 2.79),
('100000000050', 17, 40, 25, 25.99);